{"cameraMode":{"drawMode":0,"name":"Shaded","section":"Shading Mode"},"sceneLighting":true,"audioPlay":false,"sceneViewState":{"showFog":true,"showMaterialUpdate":false,"showSkybox":true,"showFlares":true,"showImageEffects":true,"showParticleSystems":true},"in2DMode":false,"pivot":{"x":41.34046936035156,"y":110.83895874023438,"z":592.7613525390625},"rotation":{"x":0.09660515189170838,"y":-0.746907114982605,"z":0.11127811670303345,"w":0.6484132409095764},"size":1933.7694091796875,"orthographic":false}